LABEL_TYPECODE,SERIAL_NUMBER,BARCODE,NAME_LABEL,LOCATION,INSTITUTION,MANUFACTURER,PRODUCTION_DATE,VERSION,MADE-FROM-TYPECODE[0],MADE-FROM-SN[0],COMMENT_DESCRIPTION,ATTRIBUTE-NAME[0],ATTRIBUTE-VALUE[0]
IC-LPG,5A28B760,5A28B760,LPGBT DAQ 0x5A28B760,UMN,UMN,TSMC,2025-05-13,2,IC-LPS,2100676,DAQ LPGBT for 320EL10E2020177,lpGBT Location LD Engine,DAQ
IC-LPG,1AA83126,1AA83126,LPGBT TRIG-E 0x1AA83126,UMN,UMN,TSMC,2025-05-13,2,IC-LPS,2100680,TRIG-E LPGBT for 320EL10E2020177,lpGBT Location LD Engine,TRIG-E
IC-LPG,1AAB2A31,1AAB2A31,LPGBT TRIG-W 0x1AAB2A31,UMN,UMN,TSMC,2025-05-13,2,IC-LPS,2100681,TRIG-W LPGBT for 320EL10E2020177,lpGBT Location LD Engine,TRIG-W
IC-LPG,92AB1029,92AB1029,LPGBT DAQ 0x92AB1029,UMN,UMN,TSMC,2025-05-13,2,IC-LPS,2100682,DAQ LPGBT for 320EL10E2020178,lpGBT Location LD Engine,DAQ
IC-LPG,F2AEDC80,F2AEDC80,LPGBT TRIG-E 0xF2AEDC80,UMN,UMN,TSMC,2025-05-13,2,IC-LPS,2100683,TRIG-E LPGBT for 320EL10E2020178,lpGBT Location LD Engine,TRIG-E
IC-LPG,72AAA078,72AAA078,LPGBT TRIG-W 0x72AAA078,UMN,UMN,TSMC,2025-05-13,2,IC-LPS,2100687,TRIG-W LPGBT for 320EL10E2020178,lpGBT Location LD Engine,TRIG-W
IC-LPG,3AA9D8E1,3AA9D8E1,LPGBT DAQ 0x3AA9D8E1,UMN,UMN,TSMC,2025-05-13,2,IC-LPS,2100688,DAQ LPGBT for 320EL10E2020179,lpGBT Location LD Engine,DAQ
IC-LPG,7AAB087C,7AAB087C,LPGBT TRIG-E 0x7AAB087C,UMN,UMN,TSMC,2025-05-13,2,IC-LPS,2100689,TRIG-E LPGBT for 320EL10E2020179,lpGBT Location LD Engine,TRIG-E
IC-LPG,5A2B84AF,5A2B84AF,LPGBT TRIG-W 0x5A2B84AF,UMN,UMN,TSMC,2025-05-13,2,IC-LPS,2100690,TRIG-W LPGBT for 320EL10E2020179,lpGBT Location LD Engine,TRIG-W
IC-LPG,5AA92247,5AA92247,LPGBT DAQ 0x5AA92247,UMN,UMN,TSMC,2025-05-13,2,IC-LPS,2100691,DAQ LPGBT for 320EL10E2020181,lpGBT Location LD Engine,DAQ
IC-LPG,52AD67A4,52AD67A4,LPGBT TRIG-E 0x52AD67A4,UMN,UMN,TSMC,2025-05-13,2,IC-LPS,2100692,TRIG-E LPGBT for 320EL10E2020181,lpGBT Location LD Engine,TRIG-E
IC-LPG,F22A439B,F22A439B,LPGBT TRIG-W 0xF22A439B,UMN,UMN,TSMC,2025-05-13,2,IC-LPS,2100693,TRIG-W LPGBT for 320EL10E2020181,lpGBT Location LD Engine,TRIG-W
IC-LPG,BAAE68D6,BAAE68D6,LPGBT DAQ 0xBAAE68D6,UMN,UMN,TSMC,2025-05-13,2,IC-LPS,2100694,DAQ LPGBT for 320EL10E2020182,lpGBT Location LD Engine,DAQ
IC-LPG,F22A0183,F22A0183,LPGBT TRIG-E 0xF22A0183,UMN,UMN,TSMC,2025-05-13,2,IC-LPS,2100695,TRIG-E LPGBT for 320EL10E2020182,lpGBT Location LD Engine,TRIG-E
IC-LPG,5A2EE85F,5A2EE85F,LPGBT TRIG-W 0x5A2EE85F,UMN,UMN,TSMC,2025-05-13,2,IC-LPS,2100696,TRIG-W LPGBT for 320EL10E2020182,lpGBT Location LD Engine,TRIG-W
IC-LPG,B2AC69EE,B2AC69EE,LPGBT DAQ 0xB2AC69EE,UMN,UMN,TSMC,2025-05-13,2,IC-LPS,2100697,DAQ LPGBT for 320EL10E2020183,lpGBT Location LD Engine,DAQ
IC-LPG,92A87FBA,92A87FBA,LPGBT TRIG-E 0x92A87FBA,UMN,UMN,TSMC,2025-05-13,2,IC-LPS,2100698,TRIG-E LPGBT for 320EL10E2020183,lpGBT Location LD Engine,TRIG-E
IC-LPG,722E6A93,722E6A93,LPGBT TRIG-W 0x722E6A93,UMN,UMN,TSMC,2025-05-13,2,IC-LPS,2100699,TRIG-W LPGBT for 320EL10E2020183,lpGBT Location LD Engine,TRIG-W
IC-LPG,72A9ED93,72A9ED93,LPGBT DAQ 0x72A9ED93,UMN,UMN,TSMC,2025-05-13,2,IC-LPS,2100700,DAQ LPGBT for 320EL10E2020184,lpGBT Location LD Engine,DAQ
IC-LPG,7AA89215,7AA89215,LPGBT TRIG-E 0x7AA89215,UMN,UMN,TSMC,2025-05-13,2,IC-LPS,2100701,TRIG-E LPGBT for 320EL10E2020184,lpGBT Location LD Engine,TRIG-E
IC-LPG,F22A0E1A,F22A0E1A,LPGBT TRIG-W 0xF22A0E1A,UMN,UMN,TSMC,2025-05-13,2,IC-LPS,2100702,TRIG-W LPGBT for 320EL10E2020184,lpGBT Location LD Engine,TRIG-W
IC-LPG,3A2D1D6C,3A2D1D6C,LPGBT DAQ 0x3A2D1D6C,UMN,UMN,TSMC,2025-05-13,2,IC-LPS,2100703,DAQ LPGBT for 320EL10E2020188,lpGBT Location LD Engine,DAQ
IC-LPG,7AAD3D7C,7AAD3D7C,LPGBT TRIG-E 0x7AAD3D7C,UMN,UMN,TSMC,2025-05-13,2,IC-LPS,2100704,TRIG-E LPGBT for 320EL10E2020188,lpGBT Location LD Engine,TRIG-E
IC-LPG,7A2F7F70,7A2F7F70,LPGBT TRIG-W 0x7A2F7F70,UMN,UMN,TSMC,2025-05-13,2,IC-LPS,2100705,TRIG-W LPGBT for 320EL10E2020188,lpGBT Location LD Engine,TRIG-W
IC-LPG,12AFC98B,12AFC98B,LPGBT DAQ 0x12AFC98B,UMN,UMN,TSMC,2025-05-13,2,IC-LPS,2100706,DAQ LPGBT for 320EL10E2020305,lpGBT Location LD Engine,DAQ
IC-LPG,B2ACA318,B2ACA318,LPGBT TRIG-E 0xB2ACA318,UMN,UMN,TSMC,2025-05-13,2,IC-LPS,2100707,TRIG-E LPGBT for 320EL10E2020305,lpGBT Location LD Engine,TRIG-E
IC-LPG,1AABA719,1AABA719,LPGBT TRIG-W 0x1AABA719,UMN,UMN,TSMC,2025-05-13,2,IC-LPS,2100708,TRIG-W LPGBT for 320EL10E2020305,lpGBT Location LD Engine,TRIG-W
IC-LPG,32AD5B91,32AD5B91,LPGBT DAQ 0x32AD5B91,UMN,UMN,TSMC,2025-05-13,2,IC-LPS,2100709,DAQ LPGBT for 320EL10E2020306,lpGBT Location LD Engine,DAQ
IC-LPG,BA2CDF85,BA2CDF85,LPGBT TRIG-E 0xBA2CDF85,UMN,UMN,TSMC,2025-05-13,2,IC-LPS,2100710,TRIG-E LPGBT for 320EL10E2020306,lpGBT Location LD Engine,TRIG-E
IC-LPG,922CC170,922CC170,LPGBT TRIG-W 0x922CC170,UMN,UMN,TSMC,2025-05-13,2,IC-LPS,2100711,TRIG-W LPGBT for 320EL10E2020306,lpGBT Location LD Engine,TRIG-W
IC-LPG,B2AC1D56,B2AC1D56,LPGBT DAQ 0xB2AC1D56,UMN,UMN,TSMC,2025-05-13,2,IC-LPS,2100712,DAQ LPGBT for 320EL10E2020307,lpGBT Location LD Engine,DAQ
IC-LPG,722B303C,722B303C,LPGBT TRIG-E 0x722B303C,UMN,UMN,TSMC,2025-05-13,2,IC-LPS,2100713,TRIG-E LPGBT for 320EL10E2020307,lpGBT Location LD Engine,TRIG-E
IC-LPG,92ABEFD9,92ABEFD9,LPGBT TRIG-W 0x92ABEFD9,UMN,UMN,TSMC,2025-05-13,2,IC-LPS,2100714,TRIG-W LPGBT for 320EL10E2020307,lpGBT Location LD Engine,TRIG-W
IC-LPG,92A849B0,92A849B0,LPGBT DAQ 0x92A849B0,UMN,UMN,TSMC,2025-05-13,2,IC-LPS,2100715,DAQ LPGBT for 320EL10E2020308,lpGBT Location LD Engine,DAQ
IC-LPG,722DC6AA,722DC6AA,LPGBT TRIG-E 0x722DC6AA,UMN,UMN,TSMC,2025-05-13,2,IC-LPS,2100716,TRIG-E LPGBT for 320EL10E2020308,lpGBT Location LD Engine,TRIG-E
IC-LPG,522F46C4,522F46C4,LPGBT TRIG-W 0x522F46C4,UMN,UMN,TSMC,2025-05-13,2,IC-LPS,2100717,TRIG-W LPGBT for 320EL10E2020308,lpGBT Location LD Engine,TRIG-W
IC-LPG,BAAB40C7,BAAB40C7,LPGBT DAQ 0xBAAB40C7,UMN,UMN,TSMC,2025-05-13,2,IC-LPS,2100718,DAQ LPGBT for 320EL10E2020309,lpGBT Location LD Engine,DAQ
IC-LPG,92AD232F,92AD232F,LPGBT TRIG-E 0x92AD232F,UMN,UMN,TSMC,2025-05-13,2,IC-LPS,2100719,TRIG-E LPGBT for 320EL10E2020309,lpGBT Location LD Engine,TRIG-E
IC-LPG,9A287100,9A287100,LPGBT TRIG-W 0x9A287100,UMN,UMN,TSMC,2025-05-13,2,IC-LPS,2100720,TRIG-W LPGBT for 320EL10E2020309,lpGBT Location LD Engine,TRIG-W
IC-LPG,DAAEAEDA,DAAEAEDA,LPGBT DAQ 0xDAAEAEDA,UMN,UMN,TSMC,2025-05-13,2,IC-LPS,2100721,DAQ LPGBT for 320EL10E2020310,lpGBT Location LD Engine,DAQ
IC-LPG,3A2DDE5F,3A2DDE5F,LPGBT TRIG-E 0x3A2DDE5F,UMN,UMN,TSMC,2025-05-13,2,IC-LPS,2100722,TRIG-E LPGBT for 320EL10E2020310,lpGBT Location LD Engine,TRIG-E
IC-LPG,DAAEF2D3,DAAEF2D3,LPGBT TRIG-W 0xDAAEF2D3,UMN,UMN,TSMC,2025-05-13,2,IC-LPS,2100723,TRIG-W LPGBT for 320EL10E2020310,lpGBT Location LD Engine,TRIG-W
IC-LPG,92AB8A19,92AB8A19,LPGBT DAQ 0x92AB8A19,UMN,UMN,TSMC,2025-05-13,2,IC-LPS,2100724,DAQ LPGBT for 320EL10E2020311,lpGBT Location LD Engine,DAQ
IC-LPG,122BC0CA,122BC0CA,LPGBT TRIG-E 0x122BC0CA,UMN,UMN,TSMC,2025-05-13,2,IC-LPS,2100725,TRIG-E LPGBT for 320EL10E2020311,lpGBT Location LD Engine,TRIG-E
IC-LPG,92AD80D9,92AD80D9,LPGBT TRIG-W 0x92AD80D9,UMN,UMN,TSMC,2025-05-13,2,IC-LPS,2100726,TRIG-W LPGBT for 320EL10E2020311,lpGBT Location LD Engine,TRIG-W
IC-LPG,7228AF6C,7228AF6C,LPGBT DAQ 0x7228AF6C,UMN,UMN,TSMC,2025-05-13,2,IC-LPS,2100727,DAQ LPGBT for 320EL10E2020312,lpGBT Location LD Engine,DAQ
IC-LPG,12AF2433,12AF2433,LPGBT TRIG-E 0x12AF2433,UMN,UMN,TSMC,2025-05-13,2,IC-LPS,2100728,TRIG-E LPGBT for 320EL10E2020312,lpGBT Location LD Engine,TRIG-E
IC-LPG,92AEECB9,92AEECB9,LPGBT TRIG-W 0x92AEECB9,UMN,UMN,TSMC,2025-05-13,2,IC-LPS,2100729,TRIG-W LPGBT for 320EL10E2020312,lpGBT Location LD Engine,TRIG-W
IC-LPG,1A2994F2,1A2994F2,LPGBT DAQ 0x1A2994F2,UMN,UMN,TSMC,2025-05-13,2,IC-LPS,2100730,DAQ LPGBT for 320EL10E2020313,lpGBT Location LD Engine,DAQ
IC-LPG,F22A2F08,F22A2F08,LPGBT TRIG-E 0xF22A2F08,UMN,UMN,TSMC,2025-05-13,2,IC-LPS,2100731,TRIG-E LPGBT for 320EL10E2020313,lpGBT Location LD Engine,TRIG-E
IC-LPG,BA2A4F7A,BA2A4F7A,LPGBT TRIG-W 0xBA2A4F7A,UMN,UMN,TSMC,2025-05-13,2,IC-LPS,2100732,TRIG-W LPGBT for 320EL10E2020313,lpGBT Location LD Engine,TRIG-W
IC-LPG,1A2FFB31,1A2FFB31,LPGBT DAQ 0x1A2FFB31,UMN,UMN,TSMC,2025-05-13,2,IC-LPS,2100733,DAQ LPGBT for 320EL10E2020314,lpGBT Location LD Engine,DAQ
IC-LPG,12A9EB63,12A9EB63,LPGBT TRIG-E 0x12A9EB63,UMN,UMN,TSMC,2025-05-13,2,IC-LPS,2100734,TRIG-E LPGBT for 320EL10E2020314,lpGBT Location LD Engine,TRIG-E
IC-LPG,B2281121,B2281121,LPGBT TRIG-W 0xB2281121,UMN,UMN,TSMC,2025-05-13,2,IC-LPS,2100735,TRIG-W LPGBT for 320EL10E2020314,lpGBT Location LD Engine,TRIG-W
IC-LPG,D228E172,D228E172,LPGBT DAQ 0xD228E172,UMN,UMN,TSMC,2025-05-13,2,IC-LPS,2100736,DAQ LPGBT for 320EL10E2020315,lpGBT Location LD Engine,DAQ
IC-LPG,922A6ED9,922A6ED9,LPGBT TRIG-E 0x922A6ED9,UMN,UMN,TSMC,2025-05-13,2,IC-LPS,2100737,TRIG-E LPGBT for 320EL10E2020315,lpGBT Location LD Engine,TRIG-E
IC-LPG,F22C230D,F22C230D,LPGBT TRIG-W 0xF22C230D,UMN,UMN,TSMC,2025-05-13,2,IC-LPS,2100738,TRIG-W LPGBT for 320EL10E2020315,lpGBT Location LD Engine,TRIG-W
IC-LPG,9A2BDB65,9A2BDB65,LPGBT DAQ 0x9A2BDB65,UMN,UMN,TSMC,2025-05-13,2,IC-LPS,2100739,DAQ LPGBT for 320EL10E2020316,lpGBT Location LD Engine,DAQ
IC-LPG,1AA85BBC,1AA85BBC,LPGBT TRIG-E 0x1AA85BBC,UMN,UMN,TSMC,2025-05-13,2,IC-LPS,2100740,TRIG-E LPGBT for 320EL10E2020316,lpGBT Location LD Engine,TRIG-E
IC-LPG,3A2B1199,3A2B1199,LPGBT TRIG-W 0x3A2B1199,UMN,UMN,TSMC,2025-05-13,2,IC-LPS,2100741,TRIG-W LPGBT for 320EL10E2020316,lpGBT Location LD Engine,TRIG-W
IC-LPG,7AABF81A,7AABF81A,LPGBT DAQ 0x7AABF81A,UMN,UMN,TSMC,2025-05-13,2,IC-LPS,2100742,DAQ LPGBT for 320EL10E2020318,lpGBT Location LD Engine,DAQ
IC-LPG,32AB3892,32AB3892,LPGBT TRIG-E 0x32AB3892,UMN,UMN,TSMC,2025-05-13,2,IC-LPS,2100743,TRIG-E LPGBT for 320EL10E2020318,lpGBT Location LD Engine,TRIG-E
IC-LPG,FAAC90F5,FAAC90F5,LPGBT TRIG-W 0xFAAC90F5,UMN,UMN,TSMC,2025-05-13,2,IC-LPS,2100744,TRIG-W LPGBT for 320EL10E2020318,lpGBT Location LD Engine,TRIG-W
IC-LPG,5229EF94,5229EF94,LPGBT DAQ 0x5229EF94,UMN,UMN,TSMC,2025-05-13,2,IC-LPS,2100745,DAQ LPGBT for 320EL10E2020319,lpGBT Location LD Engine,DAQ
IC-LPG,3229FEEA,3229FEEA,LPGBT TRIG-E 0x3229FEEA,UMN,UMN,TSMC,2025-05-13,2,IC-LPS,2100746,TRIG-E LPGBT for 320EL10E2020319,lpGBT Location LD Engine,TRIG-E
IC-LPG,52AEC462,52AEC462,LPGBT TRIG-W 0x52AEC462,UMN,UMN,TSMC,2025-05-13,2,IC-LPS,2100747,TRIG-W LPGBT for 320EL10E2020319,lpGBT Location LD Engine,TRIG-W
IC-LPG,72AA42A9,72AA42A9,LPGBT DAQ 0x72AA42A9,UMN,UMN,TSMC,2025-05-13,2,IC-LPS,2100748,DAQ LPGBT for 320EL10E2020320,lpGBT Location LD Engine,DAQ
IC-LPG,DA2F5E32,DA2F5E32,LPGBT TRIG-E 0xDA2F5E32,UMN,UMN,TSMC,2025-05-13,2,IC-LPS,2100749,TRIG-E LPGBT for 320EL10E2020320,lpGBT Location LD Engine,TRIG-E
IC-LPG,DA2F64AD,DA2F64AD,LPGBT TRIG-W 0xDA2F64AD,UMN,UMN,TSMC,2025-05-13,2,IC-LPS,2100750,TRIG-W LPGBT for 320EL10E2020320,lpGBT Location LD Engine,TRIG-W
IC-LPG,7AAE235D,7AAE235D,LPGBT DAQ 0x7AAE235D,UMN,UMN,TSMC,2025-05-13,2,IC-LPS,2100751,DAQ LPGBT for 320EL10E2020321,lpGBT Location LD Engine,DAQ
IC-LPG,3AA9177B,3AA9177B,LPGBT TRIG-E 0x3AA9177B,UMN,UMN,TSMC,2025-05-13,2,IC-LPS,2100752,TRIG-E LPGBT for 320EL10E2020321,lpGBT Location LD Engine,TRIG-E
IC-LPG,DA291AB3,DA291AB3,LPGBT TRIG-W 0xDA291AB3,UMN,UMN,TSMC,2025-05-13,2,IC-LPS,2100753,TRIG-W LPGBT for 320EL10E2020321,lpGBT Location LD Engine,TRIG-W
IC-LPG,9AAC55FA,9AAC55FA,LPGBT DAQ 0x9AAC55FA,UMN,UMN,TSMC,2025-05-13,2,IC-LPS,2100754,DAQ LPGBT for 320EL10E2020322,lpGBT Location LD Engine,DAQ
IC-LPG,DAAE83F8,DAAE83F8,LPGBT TRIG-E 0xDAAE83F8,UMN,UMN,TSMC,2025-05-13,2,IC-LPS,2100755,TRIG-E LPGBT for 320EL10E2020322,lpGBT Location LD Engine,TRIG-E
IC-LPG,D2282D1B,D2282D1B,LPGBT TRIG-W 0xD2282D1B,UMN,UMN,TSMC,2025-05-13,2,IC-LPS,2100756,TRIG-W LPGBT for 320EL10E2020322,lpGBT Location LD Engine,TRIG-W
IC-LPG,32AE52CE,32AE52CE,LPGBT DAQ 0x32AE52CE,UMN,UMN,TSMC,2025-05-13,2,IC-LPS,2100757,DAQ LPGBT for 320EL10E2020323,lpGBT Location LD Engine,DAQ
IC-LPG,322C4CA2,322C4CA2,LPGBT TRIG-E 0x322C4CA2,UMN,UMN,TSMC,2025-05-13,2,IC-LPS,2100758,TRIG-E LPGBT for 320EL10E2020323,lpGBT Location LD Engine,TRIG-E
IC-LPG,D2AAE196,D2AAE196,LPGBT TRIG-W 0xD2AAE196,UMN,UMN,TSMC,2025-05-13,2,IC-LPS,2100759,TRIG-W LPGBT for 320EL10E2020323,lpGBT Location LD Engine,TRIG-W
IC-LPG,722E1B1D,722E1B1D,LPGBT DAQ 0x722E1B1D,UMN,UMN,TSMC,2025-05-13,2,IC-LPS,2100760,DAQ LPGBT for 320EL10E2020324,lpGBT Location LD Engine,DAQ
IC-LPG,3AAA8B8D,3AAA8B8D,LPGBT TRIG-E 0x3AAA8B8D,UMN,UMN,TSMC,2025-05-13,2,IC-LPS,2100761,TRIG-E LPGBT for 320EL10E2020324,lpGBT Location LD Engine,TRIG-E
IC-LPG,BA299EFD,BA299EFD,LPGBT TRIG-W 0xBA299EFD,UMN,UMN,TSMC,2025-05-13,2,IC-LPS,2100762,TRIG-W LPGBT for 320EL10E2020324,lpGBT Location LD Engine,TRIG-W
IC-LPG,FA2D243F,FA2D243F,LPGBT DAQ 0xFA2D243F,UMN,UMN,TSMC,2025-05-13,2,IC-LPS,2100763,DAQ LPGBT for 320EL10E2020325,lpGBT Location LD Engine,DAQ
IC-LPG,5A2D3021,5A2D3021,LPGBT TRIG-E 0x5A2D3021,UMN,UMN,TSMC,2025-05-13,2,IC-LPS,2100764,TRIG-E LPGBT for 320EL10E2020325,lpGBT Location LD Engine,TRIG-E
IC-LPG,52A8DAD0,52A8DAD0,LPGBT TRIG-W 0x52A8DAD0,UMN,UMN,TSMC,2025-05-13,2,IC-LPS,2100765,TRIG-W LPGBT for 320EL10E2020325,lpGBT Location LD Engine,TRIG-W
IC-LPG,722B36AC,722B36AC,LPGBT DAQ 0x722B36AC,UMN,UMN,TSMC,2025-05-13,2,IC-LPS,2100766,DAQ LPGBT for 320EL10E2020326,lpGBT Location LD Engine,DAQ
IC-LPG,1A295757,1A295757,LPGBT TRIG-E 0x1A295757,UMN,UMN,TSMC,2025-05-13,2,IC-LPS,2100767,TRIG-E LPGBT for 320EL10E2020326,lpGBT Location LD Engine,TRIG-E
IC-LPG,FAA95509,FAA95509,LPGBT TRIG-W 0xFAA95509,UMN,UMN,TSMC,2025-05-13,2,IC-LPS,2100768,TRIG-W LPGBT for 320EL10E2020326,lpGBT Location LD Engine,TRIG-W
IC-LPG,1AADFD23,1AADFD23,LPGBT DAQ 0x1AADFD23,UMN,UMN,TSMC,2025-05-13,2,IC-LPS,2100769,DAQ LPGBT for 320EL10E2020327,lpGBT Location LD Engine,DAQ
IC-LPG,BA2945D6,BA2945D6,LPGBT TRIG-E 0xBA2945D6,UMN,UMN,TSMC,2025-05-13,2,IC-LPS,2100770,TRIG-E LPGBT for 320EL10E2020327,lpGBT Location LD Engine,TRIG-E
IC-LPG,3A2B1D56,3A2B1D56,LPGBT TRIG-W 0x3A2B1D56,UMN,UMN,TSMC,2025-05-13,2,IC-LPS,2100771,TRIG-W LPGBT for 320EL10E2020327,lpGBT Location LD Engine,TRIG-W
IC-LPG,322F5143,322F5143,LPGBT DAQ 0x322F5143,UMN,UMN,TSMC,2025-05-13,2,IC-LPS,2100772,DAQ LPGBT for 320EL10E2020328,lpGBT Location LD Engine,DAQ
IC-LPG,1A2F1FD5,1A2F1FD5,LPGBT TRIG-E 0x1A2F1FD5,UMN,UMN,TSMC,2025-05-13,2,IC-LPS,2100773,TRIG-E LPGBT for 320EL10E2020328,lpGBT Location LD Engine,TRIG-E
IC-LPG,DA2F7580,DA2F7580,LPGBT TRIG-W 0xDA2F7580,UMN,UMN,TSMC,2025-05-13,2,IC-LPS,2100774,TRIG-W LPGBT for 320EL10E2020328,lpGBT Location LD Engine,TRIG-W
IC-LPG,9AAC0965,9AAC0965,LPGBT DAQ 0x9AAC0965,UMN,UMN,TSMC,2025-05-13,2,IC-LPS,2100775,DAQ LPGBT for 320EL10E2020329,lpGBT Location LD Engine,DAQ
IC-LPG,32AE1649,32AE1649,LPGBT TRIG-E 0x32AE1649,UMN,UMN,TSMC,2025-05-13,2,IC-LPS,2100776,TRIG-E LPGBT for 320EL10E2020329,lpGBT Location LD Engine,TRIG-E
IC-LPG,92AB9DF1,92AB9DF1,LPGBT TRIG-W 0x92AB9DF1,UMN,UMN,TSMC,2025-05-13,2,IC-LPS,2100777,TRIG-W LPGBT for 320EL10E2020329,lpGBT Location LD Engine,TRIG-W
IC-LPG,522A54EF,522A54EF,LPGBT DAQ 0x522A54EF,UMN,UMN,TSMC,2025-05-13,2,IC-LPS,2100778,DAQ LPGBT for 320EL10E2020330,lpGBT Location LD Engine,DAQ
IC-LPG,3A2D710F,3A2D710F,LPGBT TRIG-E 0x3A2D710F,UMN,UMN,TSMC,2025-05-13,2,IC-LPS,2100779,TRIG-E LPGBT for 320EL10E2020330,lpGBT Location LD Engine,TRIG-E
IC-LPG,BAAEC8EF,BAAEC8EF,LPGBT TRIG-W 0xBAAEC8EF,UMN,UMN,TSMC,2025-05-13,2,IC-LPS,2100780,TRIG-W LPGBT for 320EL10E2020330,lpGBT Location LD Engine,TRIG-W
IC-LPG,BA2F7073,BA2F7073,LPGBT DAQ 0xBA2F7073,UMN,UMN,TSMC,2025-05-13,2,IC-LPS,2100781,DAQ LPGBT for 320EL10E2020331,lpGBT Location LD Engine,DAQ
IC-LPG,722EA0A9,722EA0A9,LPGBT TRIG-E 0x722EA0A9,UMN,UMN,TSMC,2025-05-13,2,IC-LPS,2100782,TRIG-E LPGBT for 320EL10E2020331,lpGBT Location LD Engine,TRIG-E
IC-LPG,9AAF2B22,9AAF2B22,LPGBT TRIG-W 0x9AAF2B22,UMN,UMN,TSMC,2025-05-13,2,IC-LPS,2100783,TRIG-W LPGBT for 320EL10E2020331,lpGBT Location LD Engine,TRIG-W
IC-LPG,72AAF3E8,72AAF3E8,LPGBT DAQ 0x72AAF3E8,UMN,UMN,TSMC,2025-05-13,2,IC-LPS,2100784,DAQ LPGBT for 320EL10E2020332,lpGBT Location LD Engine,DAQ
IC-LPG,72ACB495,72ACB495,LPGBT TRIG-E 0x72ACB495,UMN,UMN,TSMC,2025-05-13,2,IC-LPS,2100785,TRIG-E LPGBT for 320EL10E2020332,lpGBT Location LD Engine,TRIG-E
IC-LPG,52AD375E,52AD375E,LPGBT TRIG-W 0x52AD375E,UMN,UMN,TSMC,2025-05-13,2,IC-LPS,2100786,TRIG-W LPGBT for 320EL10E2020332,lpGBT Location LD Engine,TRIG-W
IC-LPG,3AAF536C,3AAF536C,LPGBT DAQ 0x3AAF536C,UMN,UMN,TSMC,2025-05-13,2,IC-LPS,2100787,DAQ LPGBT for 320EL10E2020333,lpGBT Location LD Engine,DAQ
IC-LPG,9AACE4EE,9AACE4EE,LPGBT TRIG-E 0x9AACE4EE,UMN,UMN,TSMC,2025-05-13,2,IC-LPS,2100788,TRIG-E LPGBT for 320EL10E2020333,lpGBT Location LD Engine,TRIG-E
IC-LPG,32AD4FB9,32AD4FB9,LPGBT TRIG-W 0x32AD4FB9,UMN,UMN,TSMC,2025-05-13,2,IC-LPS,2100789,TRIG-W LPGBT for 320EL10E2020333,lpGBT Location LD Engine,TRIG-W
IC-LPG,3A2B725F,3A2B725F,LPGBT DAQ 0x3A2B725F,UMN,UMN,TSMC,2025-05-13,2,IC-LPS,2100790,DAQ LPGBT for 320EL10E2020334,lpGBT Location LD Engine,DAQ
IC-LPG,722BF9AF,722BF9AF,LPGBT TRIG-E 0x722BF9AF,UMN,UMN,TSMC,2025-05-13,2,IC-LPS,2100791,TRIG-E LPGBT for 320EL10E2020334,lpGBT Location LD Engine,TRIG-E
IC-LPG,52A81C70,52A81C70,LPGBT TRIG-W 0x52A81C70,UMN,UMN,TSMC,2025-05-13,2,IC-LPS,2100792,TRIG-W LPGBT for 320EL10E2020334,lpGBT Location LD Engine,TRIG-W
IC-LPG,7A2F9EF7,7A2F9EF7,LPGBT DAQ 0x7A2F9EF7,UMN,UMN,TSMC,2025-05-13,2,IC-LPS,2100793,DAQ LPGBT for 320EL10E2020335,lpGBT Location LD Engine,DAQ
IC-LPG,D22D1881,D22D1881,LPGBT TRIG-E 0xD22D1881,UMN,UMN,TSMC,2025-05-13,2,IC-LPS,2100794,TRIG-E LPGBT for 320EL10E2020335,lpGBT Location LD Engine,TRIG-E
IC-LPG,5AAAE4D8,5AAAE4D8,LPGBT TRIG-W 0x5AAAE4D8,UMN,UMN,TSMC,2025-05-13,2,IC-LPS,2100795,TRIG-W LPGBT for 320EL10E2020335,lpGBT Location LD Engine,TRIG-W
IC-LPG,DAAB57BF,DAAB57BF,LPGBT DAQ 0xDAAB57BF,UMN,UMN,TSMC,2025-05-13,2,IC-LPS,2100796,DAQ LPGBT for 320EL10E2020336,lpGBT Location LD Engine,DAQ
IC-LPG,3AAC28B1,3AAC28B1,LPGBT TRIG-E 0x3AAC28B1,UMN,UMN,TSMC,2025-05-13,2,IC-LPS,2100797,TRIG-E LPGBT for 320EL10E2020336,lpGBT Location LD Engine,TRIG-E
IC-LPG,BAA83473,BAA83473,LPGBT TRIG-W 0xBAA83473,UMN,UMN,TSMC,2025-05-13,2,IC-LPS,2100798,TRIG-W LPGBT for 320EL10E2020336,lpGBT Location LD Engine,TRIG-W
IC-LPG,1AAD3DEC,1AAD3DEC,LPGBT DAQ 0x1AAD3DEC,UMN,UMN,TSMC,2025-05-13,2,IC-LPS,2100799,DAQ LPGBT for 320EL10E2020337,lpGBT Location LD Engine,DAQ
IC-LPG,B2ACBEA0,B2ACBEA0,LPGBT TRIG-E 0xB2ACBEA0,UMN,UMN,TSMC,2025-05-13,2,IC-LPS,2100800,TRIG-E LPGBT for 320EL10E2020337,lpGBT Location LD Engine,TRIG-E
IC-LPG,D22EFA6F,D22EFA6F,LPGBT TRIG-W 0xD22EFA6F,UMN,UMN,TSMC,2025-05-13,2,IC-LPS,2100801,TRIG-W LPGBT for 320EL10E2020337,lpGBT Location LD Engine,TRIG-W
IC-LPG,BAABE30D,BAABE30D,LPGBT DAQ 0xBAABE30D,UMN,UMN,TSMC,2025-05-13,2,IC-LPS,2100802,DAQ LPGBT for 320EL10E2020338,lpGBT Location LD Engine,DAQ
IC-LPG,F229B0A8,F229B0A8,LPGBT TRIG-E 0xF229B0A8,UMN,UMN,TSMC,2025-05-13,2,IC-LPS,2100803,TRIG-E LPGBT for 320EL10E2020338,lpGBT Location LD Engine,TRIG-E
IC-LPG,D22835C0,D22835C0,LPGBT TRIG-W 0xD22835C0,UMN,UMN,TSMC,2025-05-13,2,IC-LPS,2100804,TRIG-W LPGBT for 320EL10E2020338,lpGBT Location LD Engine,TRIG-W
IC-LPG,3229466E,3229466E,LPGBT DAQ 0x3229466E,UMN,UMN,TSMC,2025-05-13,2,IC-LPS,2100805,DAQ LPGBT for 320EL10E2020341,lpGBT Location LD Engine,DAQ
IC-LPG,B22B1B28,B22B1B28,LPGBT TRIG-E 0xB22B1B28,UMN,UMN,TSMC,2025-05-13,2,IC-LPS,2100806,TRIG-E LPGBT for 320EL10E2020341,lpGBT Location LD Engine,TRIG-E
IC-LPG,BA2ACE9D,BA2ACE9D,LPGBT TRIG-W 0xBA2ACE9D,UMN,UMN,TSMC,2025-05-13,2,IC-LPS,2100807,TRIG-W LPGBT for 320EL10E2020341,lpGBT Location LD Engine,TRIG-W
IC-LPG,52AB19EF,52AB19EF,LPGBT DAQ 0x52AB19EF,UMN,UMN,TSMC,2025-05-13,2,IC-LPS,2100808,DAQ LPGBT for 320EL10E2020342,lpGBT Location LD Engine,DAQ
IC-LPG,722BC505,722BC505,LPGBT TRIG-E 0x722BC505,UMN,UMN,TSMC,2025-05-13,2,IC-LPS,2100809,TRIG-E LPGBT for 320EL10E2020342,lpGBT Location LD Engine,TRIG-E
IC-LPG,5AA9B1D4,5AA9B1D4,LPGBT TRIG-W 0x5AA9B1D4,UMN,UMN,TSMC,2025-05-13,2,IC-LPS,2100810,TRIG-W LPGBT for 320EL10E2020342,lpGBT Location LD Engine,TRIG-W
IC-LPG,7AAD3DB0,7AAD3DB0,LPGBT DAQ 0x7AAD3DB0,UMN,UMN,TSMC,2025-05-13,2,IC-LPS,2100811,DAQ LPGBT for 320EL10E2020343,lpGBT Location LD Engine,DAQ
IC-LPG,52A857AD,52A857AD,LPGBT TRIG-E 0x52A857AD,UMN,UMN,TSMC,2025-05-13,2,IC-LPS,2100812,TRIG-E LPGBT for 320EL10E2020343,lpGBT Location LD Engine,TRIG-E
IC-LPG,FA2B8756,FA2B8756,LPGBT TRIG-W 0xFA2B8756,UMN,UMN,TSMC,2025-05-13,2,IC-LPS,2100813,TRIG-W LPGBT for 320EL10E2020343,lpGBT Location LD Engine,TRIG-W
IC-LPG,52292FA4,52292FA4,LPGBT DAQ 0x52292FA4,UMN,UMN,TSMC,2025-05-13,2,IC-LPS,2100814,DAQ LPGBT for 320EL10E2020344,lpGBT Location LD Engine,DAQ
IC-LPG,12AA99ED,12AA99ED,LPGBT TRIG-E 0x12AA99ED,UMN,UMN,TSMC,2025-05-13,2,IC-LPS,2100815,TRIG-E LPGBT for 320EL10E2020344,lpGBT Location LD Engine,TRIG-E
IC-LPG,72A94739,72A94739,LPGBT TRIG-W 0x72A94739,UMN,UMN,TSMC,2025-05-13,2,IC-LPS,2100816,TRIG-W LPGBT for 320EL10E2020344,lpGBT Location LD Engine,TRIG-W
IC-LPG,322CA875,322CA875,LPGBT DAQ 0x322CA875,UMN,UMN,TSMC,2025-05-13,2,IC-LPS,2100817,DAQ LPGBT for 320EL10W2020025,lpGBT Location LD Engine,DAQ
IC-LPG,B2AADBAA,B2AADBAA,LPGBT TRIG-E 0xB2AADBAA,UMN,UMN,TSMC,2025-05-13,2,IC-LPS,2100818,TRIG-E LPGBT for 320EL10W2020025,lpGBT Location LD Engine,TRIG-E
IC-LPG,3AAFF553,3AAFF553,LPGBT TRIG-W 0x3AAFF553,UMN,UMN,TSMC,2025-05-13,2,IC-LPS,2100819,TRIG-W LPGBT for 320EL10W2020025,lpGBT Location LD Engine,TRIG-W
IC-LPG,B22E81B7,B22E81B7,LPGBT DAQ 0xB22E81B7,UMN,UMN,TSMC,2025-05-13,2,IC-LPS,2100820,DAQ LPGBT for 320EL10W2020028,lpGBT Location LD Engine,DAQ
IC-LPG,12ACF947,12ACF947,LPGBT TRIG-E 0x12ACF947,UMN,UMN,TSMC,2025-05-13,2,IC-LPS,2100821,TRIG-E LPGBT for 320EL10W2020028,lpGBT Location LD Engine,TRIG-E
IC-LPG,DA2AEA26,DA2AEA26,LPGBT TRIG-W 0xDA2AEA26,UMN,UMN,TSMC,2025-05-13,2,IC-LPS,2100822,TRIG-W LPGBT for 320EL10W2020028,lpGBT Location LD Engine,TRIG-W
IC-LPG,32A8EF46,32A8EF46,LPGBT DAQ 0x32A8EF46,UMN,UMN,TSMC,2025-05-13,2,IC-LPS,2100823,DAQ LPGBT for 320EL10W2020029,lpGBT Location LD Engine,DAQ
IC-LPG,F2299D1C,F2299D1C,LPGBT TRIG-E 0xF2299D1C,UMN,UMN,TSMC,2025-05-13,2,IC-LPS,2100824,TRIG-E LPGBT for 320EL10W2020029,lpGBT Location LD Engine,TRIG-E
IC-LPG,BAABBFFB,BAABBFFB,LPGBT TRIG-W 0xBAABBFFB,UMN,UMN,TSMC,2025-05-13,2,IC-LPS,2100825,TRIG-W LPGBT for 320EL10W2020029,lpGBT Location LD Engine,TRIG-W
IC-LPG,DA2F01A1,DA2F01A1,LPGBT DAQ 0xDA2F01A1,UMN,UMN,TSMC,2025-05-13,2,IC-LPS,2100826,DAQ LPGBT for 320EL10W2020030,lpGBT Location LD Engine,DAQ
IC-LPG,5A2E33D1,5A2E33D1,LPGBT TRIG-E 0x5A2E33D1,UMN,UMN,TSMC,2025-05-13,2,IC-LPS,2100827,TRIG-E LPGBT for 320EL10W2020030,lpGBT Location LD Engine,TRIG-E
IC-LPG,322CA78A,322CA78A,LPGBT TRIG-W 0x322CA78A,UMN,UMN,TSMC,2025-05-13,2,IC-LPS,2100828,TRIG-W LPGBT for 320EL10W2020030,lpGBT Location LD Engine,TRIG-W
IC-LPG,5AA9871D,5AA9871D,LPGBT DAQ 0x5AA9871D,UMN,UMN,TSMC,2025-05-13,2,IC-LPS,2100829,DAQ LPGBT for 320EL10W2020031,lpGBT Location LD Engine,DAQ
IC-LPG,FAA94741,FAA94741,LPGBT TRIG-E 0xFAA94741,UMN,UMN,TSMC,2025-05-13,2,IC-LPS,2100830,TRIG-E LPGBT for 320EL10W2020031,lpGBT Location LD Engine,TRIG-E
IC-LPG,522F4394,522F4394,LPGBT TRIG-W 0x522F4394,UMN,UMN,TSMC,2025-05-13,2,IC-LPS,2100831,TRIG-W LPGBT for 320EL10W2020031,lpGBT Location LD Engine,TRIG-W
IC-LPG,5AA9A9F0,5AA9A9F0,LPGBT DAQ 0x5AA9A9F0,UMN,UMN,TSMC,2025-05-13,2,IC-LPS,2100832,DAQ LPGBT for 320EL10W2020032,lpGBT Location LD Engine,DAQ
IC-LPG,F229B96D,F229B96D,LPGBT TRIG-E 0xF229B96D,UMN,UMN,TSMC,2025-05-13,2,IC-LPS,2100833,TRIG-E LPGBT for 320EL10W2020032,lpGBT Location LD Engine,TRIG-E
IC-LPG,BAABE6F8,BAABE6F8,LPGBT TRIG-W 0xBAABE6F8,UMN,UMN,TSMC,2025-05-13,2,IC-LPS,2100834,TRIG-W LPGBT for 320EL10W2020032,lpGBT Location LD Engine,TRIG-W
IC-LPG,9AAA3935,9AAA3935,LPGBT DAQ 0x9AAA3935,UMN,UMN,TSMC,2025-05-13,2,IC-LPS,2100835,DAQ LPGBT for 320EL10W2020033,lpGBT Location LD Engine,DAQ
IC-LPG,D228AAC6,D228AAC6,LPGBT TRIG-E 0xD228AAC6,UMN,UMN,TSMC,2025-05-13,2,IC-LPS,2100836,TRIG-E LPGBT for 320EL10W2020033,lpGBT Location LD Engine,TRIG-E
IC-LPG,D2AFCAED,D2AFCAED,LPGBT TRIG-W 0xD2AFCAED,UMN,UMN,TSMC,2025-05-13,2,IC-LPS,2100837,TRIG-W LPGBT for 320EL10W2020033,lpGBT Location LD Engine,TRIG-W
IC-LPG,5AAF0A96,5AAF0A96,LPGBT DAQ 0x5AAF0A96,UMN,UMN,TSMC,2025-05-13,2,IC-LPS,2100838,DAQ LPGBT for 320EL10W2020034,lpGBT Location LD Engine,DAQ
IC-LPG,522CE954,522CE954,LPGBT TRIG-E 0x522CE954,UMN,UMN,TSMC,2025-05-13,2,IC-LPS,2100839,TRIG-E LPGBT for 320EL10W2020034,lpGBT Location LD Engine,TRIG-E
IC-LPG,D22EA9AA,D22EA9AA,LPGBT TRIG-W 0xD22EA9AA,UMN,UMN,TSMC,2025-05-13,2,IC-LPS,2100840,TRIG-W LPGBT for 320EL10W2020034,lpGBT Location LD Engine,TRIG-W
IC-LPG,FA2DB49C,FA2DB49C,LPGBT DAQ 0xFA2DB49C,UMN,UMN,TSMC,2025-05-13,2,IC-LPS,2100841,DAQ LPGBT for 320EL10W2020035,lpGBT Location LD Engine,DAQ
IC-LPG,FA2BD8C5,FA2BD8C5,LPGBT TRIG-E 0xFA2BD8C5,UMN,UMN,TSMC,2025-05-13,2,IC-LPS,2100842,TRIG-E LPGBT for 320EL10W2020035,lpGBT Location LD Engine,TRIG-E
IC-LPG,9AAA0636,9AAA0636,LPGBT TRIG-W 0x9AAA0636,UMN,UMN,TSMC,2025-05-13,2,IC-LPS,2100843,TRIG-W LPGBT for 320EL10W2020035,lpGBT Location LD Engine,TRIG-W
IC-LPG,DAADEA62,DAADEA62,LPGBT DAQ 0xDAADEA62,UMN,UMN,TSMC,2025-05-13,2,IC-LPS,2100844,DAQ LPGBT for 320EL10W2020037,lpGBT Location LD Engine,DAQ
IC-LPG,5A284D6A,5A284D6A,LPGBT TRIG-E 0x5A284D6A,UMN,UMN,TSMC,2025-05-13,2,IC-LPS,2100845,TRIG-E LPGBT for 320EL10W2020037,lpGBT Location LD Engine,TRIG-E
IC-LPG,FAAF0563,FAAF0563,LPGBT TRIG-W 0xFAAF0563,UMN,UMN,TSMC,2025-05-13,2,IC-LPS,2100846,TRIG-W LPGBT for 320EL10W2020037,lpGBT Location LD Engine,TRIG-W
IC-LPG,B2AC47F3,B2AC47F3,LPGBT DAQ 0xB2AC47F3,UMN,UMN,TSMC,2025-05-13,2,IC-LPS,2100847,DAQ LPGBT for 320EL10W2020039,lpGBT Location LD Engine,DAQ
IC-LPG,DA29623B,DA29623B,LPGBT TRIG-E 0xDA29623B,UMN,UMN,TSMC,2025-05-13,2,IC-LPS,2100848,TRIG-E LPGBT for 320EL10W2020039,lpGBT Location LD Engine,TRIG-E
IC-LPG,7AADEF9D,7AADEF9D,LPGBT TRIG-W 0x7AADEF9D,UMN,UMN,TSMC,2025-05-13,2,IC-LPS,2100849,TRIG-W LPGBT for 320EL10W2020039,lpGBT Location LD Engine,TRIG-W
IC-LPG,7A2FE089,7A2FE089,LPGBT DAQ 0x7A2FE089,UMN,UMN,TSMC,2025-05-13,2,IC-LPS,2100850,DAQ LPGBT for 320EL10W2020043,lpGBT Location LD Engine,DAQ
IC-LPG,52ADF101,52ADF101,LPGBT TRIG-E 0x52ADF101,UMN,UMN,TSMC,2025-05-13,2,IC-LPS,2100851,TRIG-E LPGBT for 320EL10W2020043,lpGBT Location LD Engine,TRIG-E
IC-LPG,F2AD0B32,F2AD0B32,LPGBT TRIG-W 0xF2AD0B32,UMN,UMN,TSMC,2025-05-13,2,IC-LPS,2100852,TRIG-W LPGBT for 320EL10W2020043,lpGBT Location LD Engine,TRIG-W
IC-LPG,722D6FF3,722D6FF3,LPGBT DAQ 0x722D6FF3,UMN,UMN,TSMC,2025-05-13,2,IC-LPS,2100853,DAQ LPGBT for 320EL10W2020049,lpGBT Location LD Engine,DAQ
IC-LPG,72A996E8,72A996E8,LPGBT TRIG-E 0x72A996E8,UMN,UMN,TSMC,2025-05-13,2,IC-LPS,2100854,TRIG-E LPGBT for 320EL10W2020049,lpGBT Location LD Engine,TRIG-E
IC-LPG,7AAE1C37,7AAE1C37,LPGBT TRIG-W 0x7AAE1C37,UMN,UMN,TSMC,2025-05-13,2,IC-LPS,2100855,TRIG-W LPGBT for 320EL10W2020049,lpGBT Location LD Engine,TRIG-W
IC-LPG,7A2FCEF2,7A2FCEF2,LPGBT DAQ 0x7A2FCEF2,UMN,UMN,TSMC,2025-05-13,2,IC-LPS,2100856,DAQ LPGBT for 320EL10W2020050,lpGBT Location LD Engine,DAQ
IC-LPG,B2AFDE69,B2AFDE69,LPGBT TRIG-E 0xB2AFDE69,UMN,UMN,TSMC,2025-05-13,2,IC-LPS,2100857,TRIG-E LPGBT for 320EL10W2020050,lpGBT Location LD Engine,TRIG-E
IC-LPG,D2AAA511,D2AAA511,LPGBT TRIG-W 0xD2AAA511,UMN,UMN,TSMC,2025-05-13,2,IC-LPS,2100858,TRIG-W LPGBT for 320EL10W2020050,lpGBT Location LD Engine,TRIG-W
IC-LPG,7A29E585,7A29E585,LPGBT DAQ 0x7A29E585,UMN,UMN,TSMC,2025-05-13,2,IC-LPS,2100859,DAQ LPGBT for 320EL10W2020051,lpGBT Location LD Engine,DAQ
IC-LPG,722B66F3,722B66F3,LPGBT TRIG-E 0x722B66F3,UMN,UMN,TSMC,2025-05-13,2,IC-LPS,2100860,TRIG-E LPGBT for 320EL10W2020051,lpGBT Location LD Engine,TRIG-E
IC-LPG,5A2E4E53,5A2E4E53,LPGBT TRIG-W 0x5A2E4E53,UMN,UMN,TSMC,2025-05-13,2,IC-LPS,2100861,TRIG-W LPGBT for 320EL10W2020051,lpGBT Location LD Engine,TRIG-W
IC-LPG,D2A9DB63,D2A9DB63,LPGBT DAQ 0xD2A9DB63,UMN,UMN,TSMC,2025-05-13,2,IC-LPS,2100862,DAQ LPGBT for 320EL10W2020052,lpGBT Location LD Engine,DAQ
IC-LPG,52AEF158,52AEF158,LPGBT TRIG-E 0x52AEF158,UMN,UMN,TSMC,2025-05-13,2,IC-LPS,2100863,TRIG-E LPGBT for 320EL10W2020052,lpGBT Location LD Engine,TRIG-E
IC-LPG,BA2F7FD6,BA2F7FD6,LPGBT TRIG-W 0xBA2F7FD6,UMN,UMN,TSMC,2025-05-13,2,IC-LPS,2100864,TRIG-W LPGBT for 320EL10W2020052,lpGBT Location LD Engine,TRIG-W
IC-LPG,B2A91496,B2A91496,LPGBT DAQ 0xB2A91496,UMN,UMN,TSMC,2025-05-13,2,IC-LPS,2100865,DAQ LPGBT for 320EL10W2020053,lpGBT Location LD Engine,DAQ
IC-LPG,D22DAC35,D22DAC35,LPGBT TRIG-E 0xD22DAC35,UMN,UMN,TSMC,2025-05-13,2,IC-LPS,2100866,TRIG-E LPGBT for 320EL10W2020053,lpGBT Location LD Engine,TRIG-E
IC-LPG,7AA8377C,7AA8377C,LPGBT TRIG-W 0x7AA8377C,UMN,UMN,TSMC,2025-05-13,2,IC-LPS,2100867,TRIG-W LPGBT for 320EL10W2020053,lpGBT Location LD Engine,TRIG-W
IC-LPG,1AA8BAC4,1AA8BAC4,LPGBT DAQ 0x1AA8BAC4,UMN,UMN,TSMC,2025-05-13,2,IC-LPS,2100868,DAQ LPGBT for 320EL10W2020057,lpGBT Location LD Engine,DAQ
IC-LPG,3A2DFAED,3A2DFAED,LPGBT TRIG-E 0x3A2DFAED,UMN,UMN,TSMC,2025-05-13,2,IC-LPS,2100869,TRIG-E LPGBT for 320EL10W2020057,lpGBT Location LD Engine,TRIG-E
IC-LPG,BA2F4329,BA2F4329,LPGBT TRIG-W 0xBA2F4329,UMN,UMN,TSMC,2025-05-13,2,IC-LPS,2100870,TRIG-W LPGBT for 320EL10W2020057,lpGBT Location LD Engine,TRIG-W
IC-LPG,BAADEFF8,BAADEFF8,LPGBT DAQ 0xBAADEFF8,UMN,UMN,TSMC,2025-05-13,2,IC-LPS,2100871,DAQ LPGBT for 320EL10W2020059,lpGBT Location LD Engine,DAQ
IC-LPG,D22EF5F6,D22EF5F6,LPGBT TRIG-E 0xD22EF5F6,UMN,UMN,TSMC,2025-05-13,2,IC-LPS,2100872,TRIG-E LPGBT for 320EL10W2020059,lpGBT Location LD Engine,TRIG-E
IC-LPG,9AACB41B,9AACB41B,LPGBT TRIG-W 0x9AACB41B,UMN,UMN,TSMC,2025-05-13,2,IC-LPS,2100873,TRIG-W LPGBT for 320EL10W2020059,lpGBT Location LD Engine,TRIG-W
IC-LPG,DA29323E,DA29323E,LPGBT DAQ 0xDA29323E,UMN,UMN,TSMC,2025-05-13,2,IC-LPS,2100874,DAQ LPGBT for 320EL10W2020060,lpGBT Location LD Engine,DAQ
IC-LPG,5AAC8881,5AAC8881,LPGBT TRIG-E 0x5AAC8881,UMN,UMN,TSMC,2025-05-13,2,IC-LPS,2100875,TRIG-E LPGBT for 320EL10W2020060,lpGBT Location LD Engine,TRIG-E
IC-LPG,522915AD,522915AD,LPGBT TRIG-W 0x522915AD,UMN,UMN,TSMC,2025-05-13,2,IC-LPS,2100876,TRIG-W LPGBT for 320EL10W2020060,lpGBT Location LD Engine,TRIG-W
IC-LPG,D2AF220A,D2AF220A,LPGBT DAQ 0xD2AF220A,UMN,UMN,TSMC,2025-05-13,2,IC-LPS,2100877,DAQ LPGBT for 320EL10W2020061,lpGBT Location LD Engine,DAQ
IC-LPG,522F20F8,522F20F8,LPGBT TRIG-E 0x522F20F8,UMN,UMN,TSMC,2025-05-13,2,IC-LPS,2100878,TRIG-E LPGBT for 320EL10W2020061,lpGBT Location LD Engine,TRIG-E
IC-LPG,72AC5F18,72AC5F18,LPGBT TRIG-W 0x72AC5F18,UMN,UMN,TSMC,2025-05-13,2,IC-LPS,2100879,TRIG-W LPGBT for 320EL10W2020061,lpGBT Location LD Engine,TRIG-W
IC-LPG,7A29CE51,7A29CE51,LPGBT DAQ 0x7A29CE51,UMN,UMN,TSMC,2025-05-13,2,IC-LPS,2100880,DAQ LPGBT for 320EL10W2020062,lpGBT Location LD Engine,DAQ
IC-LPG,722D4724,722D4724,LPGBT TRIG-E 0x722D4724,UMN,UMN,TSMC,2025-05-13,2,IC-LPS,2100881,TRIG-E LPGBT for 320EL10W2020062,lpGBT Location LD Engine,TRIG-E
IC-LPG,1A2C23D6,1A2C23D6,LPGBT TRIG-W 0x1A2C23D6,UMN,UMN,TSMC,2025-05-13,2,IC-LPS,2100882,TRIG-W LPGBT for 320EL10W2020062,lpGBT Location LD Engine,TRIG-W
IC-LPG,122B81DE,122B81DE,LPGBT DAQ 0x122B81DE,UMN,UMN,TSMC,2025-05-13,2,IC-LPS,2100883,DAQ LPGBT for 320EL10W2020063,lpGBT Location LD Engine,DAQ
IC-LPG,B22E3ACF,B22E3ACF,LPGBT TRIG-E 0xB22E3ACF,UMN,UMN,TSMC,2025-05-13,2,IC-LPS,2100884,TRIG-E LPGBT for 320EL10W2020063,lpGBT Location LD Engine,TRIG-E
IC-LPG,F22C5DEA,F22C5DEA,LPGBT TRIG-W 0xF22C5DEA,UMN,UMN,TSMC,2025-05-13,2,IC-LPS,2100885,TRIG-W LPGBT for 320EL10W2020063,lpGBT Location LD Engine,TRIG-W
IC-LPG,3AACA6A6,3AACA6A6,LPGBT DAQ 0x3AACA6A6,UMN,UMN,TSMC,2025-05-13,2,IC-LPS,2100886,DAQ LPGBT for 320EL10W2020064,lpGBT Location LD Engine,DAQ
IC-LPG,9A2E8B0C,9A2E8B0C,LPGBT TRIG-E 0x9A2E8B0C,UMN,UMN,TSMC,2025-05-13,2,IC-LPS,2100887,TRIG-E LPGBT for 320EL10W2020064,lpGBT Location LD Engine,TRIG-E
IC-LPG,FA2D780A,FA2D780A,LPGBT TRIG-W 0xFA2D780A,UMN,UMN,TSMC,2025-05-13,2,IC-LPS,2100888,TRIG-W LPGBT for 320EL10W2020064,lpGBT Location LD Engine,TRIG-W
IC-LPG,92AEE64C,92AEE64C,LPGBT DAQ 0x92AEE64C,UMN,UMN,TSMC,2025-05-13,2,IC-LPS,2100889,DAQ LPGBT for 320EL10W2020065,lpGBT Location LD Engine,DAQ
IC-LPG,5A281206,5A281206,LPGBT TRIG-E 0x5A281206,UMN,UMN,TSMC,2025-05-13,2,IC-LPS,2100890,TRIG-E LPGBT for 320EL10W2020065,lpGBT Location LD Engine,TRIG-E
IC-LPG,BA2A51F2,BA2A51F2,LPGBT TRIG-W 0xBA2A51F2,UMN,UMN,TSMC,2025-05-13,2,IC-LPS,2100891,TRIG-W LPGBT for 320EL10W2020065,lpGBT Location LD Engine,TRIG-W
IC-LPG,3229E038,3229E038,LPGBT DAQ 0x3229E038,UMN,UMN,TSMC,2025-05-13,2,IC-LPS,2100892,DAQ LPGBT for 320EL10W2020066,lpGBT Location LD Engine,DAQ
IC-LPG,F22AC215,F22AC215,LPGBT TRIG-E 0xF22AC215,UMN,UMN,TSMC,2025-05-13,2,IC-LPS,2100893,TRIG-E LPGBT for 320EL10W2020066,lpGBT Location LD Engine,TRIG-E
IC-LPG,1AAD70A1,1AAD70A1,LPGBT TRIG-W 0x1AAD70A1,UMN,UMN,TSMC,2025-05-13,2,IC-LPS,2100894,TRIG-W LPGBT for 320EL10W2020066,lpGBT Location LD Engine,TRIG-W
IC-LPG,BA2A98AD,BA2A98AD,LPGBT DAQ 0xBA2A98AD,UMN,UMN,TSMC,2025-05-13,2,IC-LPS,2100895,DAQ LPGBT for 320EL10W2020069,lpGBT Location LD Engine,DAQ
IC-LPG,32A88CB3,32A88CB3,LPGBT TRIG-E 0x32A88CB3,UMN,UMN,TSMC,2025-05-13,2,IC-LPS,2100896,TRIG-E LPGBT for 320EL10W2020069,lpGBT Location LD Engine,TRIG-E
IC-LPG,922C9B43,922C9B43,LPGBT TRIG-W 0x922C9B43,UMN,UMN,TSMC,2025-05-13,2,IC-LPS,2100897,TRIG-W LPGBT for 320EL10W2020069,lpGBT Location LD Engine,TRIG-W
IC-LPG,3AAA7BBE,3AAA7BBE,LPGBT DAQ 0x3AAA7BBE,UMN,UMN,TSMC,2025-05-13,2,IC-LPS,2100898,DAQ LPGBT for 320EL10W2020070,lpGBT Location LD Engine,DAQ
IC-LPG,322F8CF8,322F8CF8,LPGBT TRIG-E 0x322F8CF8,UMN,UMN,TSMC,2025-05-13,2,IC-LPS,2100899,TRIG-E LPGBT for 320EL10W2020070,lpGBT Location LD Engine,TRIG-E
IC-LPG,32AB64C1,32AB64C1,LPGBT TRIG-W 0x32AB64C1,UMN,UMN,TSMC,2025-05-13,2,IC-LPS,2100900,TRIG-W LPGBT for 320EL10W2020070,lpGBT Location LD Engine,TRIG-W
IC-LPG,122BF695,122BF695,LPGBT DAQ 0x122BF695,UMN,UMN,TSMC,2025-05-13,2,IC-LPS,2100901,DAQ LPGBT for 320EL10W2020089,lpGBT Location LD Engine,DAQ
IC-LPG,1AABDFCB,1AABDFCB,LPGBT TRIG-E 0x1AABDFCB,UMN,UMN,TSMC,2025-05-13,2,IC-LPS,2100902,TRIG-E LPGBT for 320EL10W2020089,lpGBT Location LD Engine,TRIG-E
IC-LPG,5A2D7D39,5A2D7D39,LPGBT TRIG-W 0x5A2D7D39,UMN,UMN,TSMC,2025-05-13,2,IC-LPS,2100903,TRIG-W LPGBT for 320EL10W2020089,lpGBT Location LD Engine,TRIG-W
IC-LPG,1A2C1343,1A2C1343,LPGBT DAQ 0x1A2C1343,UMN,UMN,TSMC,2025-05-13,2,IC-LPS,2100904,DAQ LPGBT for 320EL10W2020090,lpGBT Location LD Engine,DAQ
IC-LPG,72AFA984,72AFA984,LPGBT TRIG-E 0x72AFA984,UMN,UMN,TSMC,2025-05-13,2,IC-LPS,2100905,TRIG-E LPGBT for 320EL10W2020090,lpGBT Location LD Engine,TRIG-E
IC-LPG,7AA8EA04,7AA8EA04,LPGBT TRIG-W 0x7AA8EA04,UMN,UMN,TSMC,2025-05-13,2,IC-LPS,2100906,TRIG-W LPGBT for 320EL10W2020090,lpGBT Location LD Engine,TRIG-W
IC-LPG,1A2F8375,1A2F8375,LPGBT DAQ 0x1A2F8375,UMN,UMN,TSMC,2025-05-13,2,IC-LPS,2100907,DAQ LPGBT for 320EL10W2020091,lpGBT Location LD Engine,DAQ
IC-LPG,9A2BAA1B,9A2BAA1B,LPGBT TRIG-E 0x9A2BAA1B,UMN,UMN,TSMC,2025-05-13,2,IC-LPS,2100908,TRIG-E LPGBT for 320EL10W2020091,lpGBT Location LD Engine,TRIG-E
IC-LPG,D2AA1EA5,D2AA1EA5,LPGBT TRIG-W 0xD2AA1EA5,UMN,UMN,TSMC,2025-05-13,2,IC-LPS,2100909,TRIG-W LPGBT for 320EL10W2020091,lpGBT Location LD Engine,TRIG-W
IC-LPG,3AAA69CA,3AAA69CA,LPGBT DAQ 0x3AAA69CA,UMN,UMN,TSMC,2025-05-13,2,IC-LPS,2100910,DAQ LPGBT for 320EL10W2020092,lpGBT Location LD Engine,DAQ
IC-LPG,322F80C8,322F80C8,LPGBT TRIG-E 0x322F80C8,UMN,UMN,TSMC,2025-05-13,2,IC-LPS,2100911,TRIG-E LPGBT for 320EL10W2020092,lpGBT Location LD Engine,TRIG-E
IC-LPG,122B9590,122B9590,LPGBT TRIG-W 0x122B9590,UMN,UMN,TSMC,2025-05-13,2,IC-LPS,2100912,TRIG-W LPGBT for 320EL10W2020092,lpGBT Location LD Engine,TRIG-W
IC-LPG,5A2EF07B,5A2EF07B,LPGBT DAQ 0x5A2EF07B,UMN,UMN,TSMC,2025-05-13,2,IC-LPS,2100913,DAQ LPGBT for 320EL10W2020093,lpGBT Location LD Engine,DAQ
IC-LPG,122E0935,122E0935,LPGBT TRIG-E 0x122E0935,UMN,UMN,TSMC,2025-05-13,2,IC-LPS,2100914,TRIG-E LPGBT for 320EL10W2020093,lpGBT Location LD Engine,TRIG-E
IC-LPG,5A28B806,5A28B806,LPGBT TRIG-W 0x5A28B806,UMN,UMN,TSMC,2025-05-13,2,IC-LPS,2100915,TRIG-W LPGBT for 320EL10W2020093,lpGBT Location LD Engine,TRIG-W
IC-LPG,5AAC6000,5AAC6000,LPGBT DAQ 0x5AAC6000,UMN,UMN,TSMC,2025-05-13,2,IC-LPS,2100916,DAQ LPGBT for 320EL10W2020094,lpGBT Location LD Engine,DAQ
IC-LPG,5A2D470C,5A2D470C,LPGBT TRIG-E 0x5A2D470C,UMN,UMN,TSMC,2025-05-13,2,IC-LPS,2100917,TRIG-E LPGBT for 320EL10W2020094,lpGBT Location LD Engine,TRIG-E
IC-LPG,922FBFF2,922FBFF2,LPGBT TRIG-W 0x922FBFF2,UMN,UMN,TSMC,2025-05-13,2,IC-LPS,2100918,TRIG-W LPGBT for 320EL10W2020094,lpGBT Location LD Engine,TRIG-W
IC-LPG,52AD8610,52AD8610,LPGBT DAQ 0x52AD8610,UMN,UMN,TSMC,2025-05-13,2,IC-LPS,2100919,DAQ LPGBT for 320EL10W2020095,lpGBT Location LD Engine,DAQ
IC-LPG,BA2F62F8,BA2F62F8,LPGBT TRIG-E 0xBA2F62F8,UMN,UMN,TSMC,2025-05-13,2,IC-LPS,2100920,TRIG-E LPGBT for 320EL10W2020095,lpGBT Location LD Engine,TRIG-E
IC-LPG,9AAFBB71,9AAFBB71,LPGBT TRIG-W 0x9AAFBB71,UMN,UMN,TSMC,2025-05-13,2,IC-LPS,2100921,TRIG-W LPGBT for 320EL10W2020095,lpGBT Location LD Engine,TRIG-W
IC-LPG,12AA5A48,12AA5A48,LPGBT DAQ 0x12AA5A48,UMN,UMN,TSMC,2025-05-13,2,IC-LPS,2100500,DAQ LPGBT for 320EL10W2020113,lpGBT Location LD Engine,DAQ
IC-LPG,FAA987D4,FAA987D4,LPGBT TRIG-E 0xFAA987D4,UMN,UMN,TSMC,2025-05-13,2,IC-LPS,2100520,TRIG-E LPGBT for 320EL10W2020113,lpGBT Location LD Engine,TRIG-E
IC-LPG,32ADD6D0,32ADD6D0,LPGBT TRIG-W 0x32ADD6D0,UMN,UMN,TSMC,2025-05-13,2,IC-LPS,2100521,TRIG-W LPGBT for 320EL10W2020113,lpGBT Location LD Engine,TRIG-W
IC-LPG,122BEE7D,122BEE7D,LPGBT DAQ 0x122BEE7D,UMN,UMN,TSMC,2025-05-13,2,IC-LPS,2100922,DAQ LPGBT for 320EL10W2020337,lpGBT Location LD Engine,DAQ
IC-LPG,B2AF604E,B2AF604E,LPGBT TRIG-E 0xB2AF604E,UMN,UMN,TSMC,2025-05-13,2,IC-LPS,2100923,TRIG-E LPGBT for 320EL10W2020337,lpGBT Location LD Engine,TRIG-E
IC-LPG,BAAEA110,BAAEA110,LPGBT TRIG-W 0xBAAEA110,UMN,UMN,TSMC,2025-05-13,2,IC-LPS,2100924,TRIG-W LPGBT for 320EL10W2020337,lpGBT Location LD Engine,TRIG-W
IC-LPG,F2AE3498,F2AE3498,LPGBT DAQ 0xF2AE3498,UMN,UMN,TSMC,2025-05-13,2,IC-LPS,2100925,DAQ LPGBT for 320EL10W2020338,lpGBT Location LD Engine,DAQ
IC-LPG,522968E3,522968E3,LPGBT TRIG-E 0x522968E3,UMN,UMN,TSMC,2025-05-13,2,IC-LPS,2100926,TRIG-E LPGBT for 320EL10W2020338,lpGBT Location LD Engine,TRIG-E
IC-LPG,722B6F0A,722B6F0A,LPGBT TRIG-W 0x722B6F0A,UMN,UMN,TSMC,2025-05-13,2,IC-LPS,2100927,TRIG-W LPGBT for 320EL10W2020338,lpGBT Location LD Engine,TRIG-W
IC-LPG,12AAAC8D,12AAAC8D,LPGBT DAQ 0x12AAAC8D,UMN,UMN,TSMC,2025-05-13,2,IC-LPS,2100928,DAQ LPGBT for 320EL10W2020339,lpGBT Location LD Engine,DAQ
IC-LPG,522937B3,522937B3,LPGBT TRIG-E 0x522937B3,UMN,UMN,TSMC,2025-05-13,2,IC-LPS,2100929,TRIG-E LPGBT for 320EL10W2020339,lpGBT Location LD Engine,TRIG-E
IC-LPG,B22D5CCC,B22D5CCC,LPGBT TRIG-W 0xB22D5CCC,UMN,UMN,TSMC,2025-05-13,2,IC-LPS,2100930,TRIG-W LPGBT for 320EL10W2020339,lpGBT Location LD Engine,TRIG-W
IC-LPG,BA2C91A2,BA2C91A2,LPGBT DAQ 0xBA2C91A2,UMN,UMN,TSMC,2025-05-13,2,IC-LPS,2100931,DAQ LPGBT for 320EL10W2020340,lpGBT Location LD Engine,DAQ
IC-LPG,92AE7989,92AE7989,LPGBT TRIG-E 0x92AE7989,UMN,UMN,TSMC,2025-05-13,2,IC-LPS,2100932,TRIG-E LPGBT for 320EL10W2020340,lpGBT Location LD Engine,TRIG-E
IC-LPG,32AE513D,32AE513D,LPGBT TRIG-W 0x32AE513D,UMN,UMN,TSMC,2025-05-13,2,IC-LPS,2100933,TRIG-W LPGBT for 320EL10W2020340,lpGBT Location LD Engine,TRIG-W
IC-LPG,9AACD1DB,9AACD1DB,LPGBT DAQ 0x9AACD1DB,UMN,UMN,TSMC,2025-05-13,2,IC-LPS,2100934,DAQ LPGBT for 320EL10W2020342,lpGBT Location LD Engine,DAQ
IC-LPG,9A2822AC,9A2822AC,LPGBT TRIG-E 0x9A2822AC,UMN,UMN,TSMC,2025-05-13,2,IC-LPS,2100935,TRIG-E LPGBT for 320EL10W2020342,lpGBT Location LD Engine,TRIG-E
IC-LPG,322946F7,322946F7,LPGBT TRIG-W 0x322946F7,UMN,UMN,TSMC,2025-05-13,2,IC-LPS,2100936,TRIG-W LPGBT for 320EL10W2020342,lpGBT Location LD Engine,TRIG-W
IC-LPG,922C70A8,922C70A8,LPGBT DAQ 0x922C70A8,UMN,UMN,TSMC,2025-05-13,2,IC-LPS,2100937,DAQ LPGBT for 320EL10W2020343,lpGBT Location LD Engine,DAQ
IC-LPG,72A9476C,72A9476C,LPGBT TRIG-E 0x72A9476C,UMN,UMN,TSMC,2025-05-13,2,IC-LPS,2100938,TRIG-E LPGBT for 320EL10W2020343,lpGBT Location LD Engine,TRIG-E
IC-LPG,FAAF5F39,FAAF5F39,LPGBT TRIG-W 0xFAAF5F39,UMN,UMN,TSMC,2025-05-13,2,IC-LPS,2100939,TRIG-W LPGBT for 320EL10W2020343,lpGBT Location LD Engine,TRIG-W
IC-LPG,52AB3DA2,52AB3DA2,LPGBT DAQ 0x52AB3DA2,UMN,UMN,TSMC,2025-05-13,2,IC-LPS,2100940,DAQ LPGBT for 320EL10W2020344,lpGBT Location LD Engine,DAQ
IC-LPG,722B6360,722B6360,LPGBT TRIG-E 0x722B6360,UMN,UMN,TSMC,2025-05-13,2,IC-LPS,2100941,TRIG-E LPGBT for 320EL10W2020344,lpGBT Location LD Engine,TRIG-E
IC-LPG,B22EB8DB,B22EB8DB,LPGBT TRIG-W 0xB22EB8DB,UMN,UMN,TSMC,2025-05-13,2,IC-LPS,2100942,TRIG-W LPGBT for 320EL10W2020344,lpGBT Location LD Engine,TRIG-W
